target,direction,sequence,tm,length
MM2_0000,forward,TTCACACAGGAAACAGCTATGACCATGATTACGCCGACTAAGACTCTGGTCACG,70.18756291477541,54
MM2_0000,reverse,TTTCCCAGTCACGACGTTGTAAAACGACGGCCAGTCTTCGCTTACATACCCATGA,71.91175636601963,55
MM2_0001,forward,TTCACACAGGAAACAGCTATGACCATGATTACGCCGACTAAGACTCTGGTCACG,70.18756291477541,54
MM2_0001,reverse,TTTCCCAGTCACGACGTTGTAAAACGACGGCCAGTCTTCGCTTACATACCCATGA,71.91175636601963,55
MM2_0002,forward,TTCACACAGGAAACAGCTATGACCATGATTACGCCGACTAAGACTCTGGTCACG,70.18756291477541,54
MM2_0002,reverse,TTTCCCAGTCACGACGTTGTAAAACGACGGCCAGTCTTCGCTTACATACCCATGA,71.91175636601963,55
MM2_0003,forward,TTCACACAGGAAACAGCTATGACCATGATTACGCCGACTAAGACTCTGGTCACG,70.18756291477541,54
MM2_0003,reverse,TTTCCCAGTCACGACGTTGTAAAACGACGGCCAGTCTTCGCTTACATACCCATGA,71.91175636601963,55
MM2_0004,forward,TTCACACAGGAAACAGCTATGACCATGATTACGCCGACTAAGACTCTGGTCACG,70.18756291477541,54
MM2_0004,reverse,TTTCCCAGTCACGACGTTGTAAAACGACGGCCAGTCTTCGCTTACATACCCATGA,71.91175636601963,55
MM2_0005,forward,TTCACACAGGAAACAGCTATGACCATGATTACGCCGACTAAGACTCTGGTCACG,70.18756291477541,54
MM2_0005,reverse,TTTCCCAGTCACGACGTTGTAAAACGACGGCCAGTCTTCGCTTACATACCCATGA,71.91175636601963,55
MM2_0006,forward,TTCACACAGGAAACAGCTATGACCATGATTACGCCGACTAAGACTCTGGTCACG,70.18756291477541,54
MM2_0006,reverse,TTTCCCAGTCACGACGTTGTAAAACGACGGCCAGTCTTCGCTTACATACCCATGA,71.91175636601963,55
MM2_0007,forward,TTCACACAGGAAACAGCTATGACCATGATTACGCCGACTAAGACTCTGGTCACG,70.18756291477541,54
MM2_0007,reverse,TTTCCCAGTCACGACGTTGTAAAACGACGGCCAGTCTTCGCTTACATACCCATGA,71.91175636601963,55
MM2_0008,forward,TTCACACAGGAAACAGCTATGACCATGATTACGCCGACTAAGACTCTGGTCACG,70.18756291477541,54
MM2_0008,reverse,TTTCCCAGTCACGACGTTGTAAAACGACGGCCAGTCTTCGCTTACATACCCATGA,71.91175636601963,55
MM2_0009,forward,TTCACACAGGAAACAGCTATGACCATGATTACGCCGACTAAGACTCTGGTCACG,70.18756291477541,54
MM2_0009,reverse,TTTCCCAGTCACGACGTTGTAAAACGACGGCCAGTCTTCGCTTACATACCCATGA,71.91175636601963,55
MM2_0010,forward,TTCACACAGGAAACAGCTATGACCATGATTACGCCGACTAAGACTCTGGTCACG,70.18756291477541,54
MM2_0010,reverse,TTTCCCAGTCACGACGTTGTAAAACGACGGCCAGTCTTCGCTTACATACCCATGA,71.91175636601963,55
MM2_0011,forward,TTCACACAGGAAACAGCTATGACCATGATTACGCCGACTAAGACTCTGGTCACG,70.18756291477541,54
MM2_0011,reverse,TTTCCCAGTCACGACGTTGTAAAACGACGGCCAGTCTTCGCTTACATACCCATGA,71.91175636601963,55
MM2_0012,forward,TTCACACAGGAAACAGCTATGACCATGATTACGCCGACTAAGACTCTGGTCACG,70.18756291477541,54
MM2_0012,reverse,TTTCCCAGTCACGACGTTGTAAAACGACGGCCAGTCTTCGCTTACATACCCATGA,71.91175636601963,55
MM2_0013,forward,TTCACACAGGAAACAGCTATGACCATGATTACGCCGACTAAGACTCTGGTCACG,70.18756291477541,54
MM2_0013,reverse,TTTCCCAGTCACGACGTTGTAAAACGACGGCCAGTCTTCGCTTACATACCCATGA,71.91175636601963,55
MM2_0014,forward,TTCACACAGGAAACAGCTATGACCATGATTACGCCGACTAAGACTCTGGTCACG,70.18756291477541,54
MM2_0014,reverse,TTTCCCAGTCACGACGTTGTAAAACGACGGCCAGTCTTCGCTTACATACCCATGA,71.91175636601963,55
MM2_0015,forward,TTCACACAGGAAACAGCTATGACCATGATTACGCCGACTAAGACTCTGGTCACG,70.18756291477541,54
MM2_0015,reverse,TTTCCCAGTCACGACGTTGTAAAACGACGGCCAGTCTTCGCTTACATACCCATGA,71.91175636601963,55
MM2_0016,forward,TTCACACAGGAAACAGCTATGACCATGATTACGCCGACTAAGACTCTGGTCACG,70.18756291477541,54
MM2_0016,reverse,TTTCCCAGTCACGACGTTGTAAAACGACGGCCAGTCTTCGCTTACATACCCATGA,71.91175636601963,55
MM2_0017,forward,TTCACACAGGAAACAGCTATGACCATGATTACGCCGACTAAGACTCTGGTCACG,70.18756291477541,54
MM2_0017,reverse,TTTCCCAGTCACGACGTTGTAAAACGACGGCCAGTCTTCGCTTACATACCCATGA,71.91175636601963,55
MM2_0018,forward,TTCACACAGGAAACAGCTATGACCATGATTACGCCGACTAAGACTCTGGTCACG,70.18756291477541,54
MM2_0018,reverse,TTTCCCAGTCACGACGTTGTAAAACGACGGCCAGTCTTCGCTTACATACCCATGA,71.91175636601963,55
MM2_0019,forward,TTCACACAGGAAACAGCTATGACCATGATTACGCCGACTAAGACTCTGGTCACG,70.18756291477541,54
MM2_0019,reverse,TTTCCCAGTCACGACGTTGTAAAACGACGGCCAGTCTTCGCTTACATACCCATGA,71.91175636601963,55
MM2_0020,forward,TTCACACAGGAAACAGCTATGACCATGATTACGCCGACTAAGACTCTGGTCACG,70.18756291477541,54
MM2_0020,reverse,TTTCCCAGTCACGACGTTGTAAAACGACGGCCAGTCTTCGCTTACATACCCATGA,71.91175636601963,55
MM2_0021,forward,TTCACACAGGAAACAGCTATGACCATGATTACGCCGACTAAGACTCTGGTCACG,70.18756291477541,54
MM2_0021,reverse,TTTCCCAGTCACGACGTTGTAAAACGACGGCCAGTCTTCGCTTACATACCCATGA,71.91175636601963,55
MM2_0022,forward,TTCACACAGGAAACAGCTATGACCATGATTACGCCGACTAAGACTCTGGTCACG,70.18756291477541,54
MM2_0022,reverse,TTTCCCAGTCACGACGTTGTAAAACGACGGCCAGTCTTCGCTTACATACCCATGA,71.91175636601963,55
MM2_0023,forward,TTCACACAGGAAACAGCTATGACCATGATTACGCCGACTAAGACTCTGGTCACG,70.18756291477541,54
MM2_0023,reverse,TTTCCCAGTCACGACGTTGTAAAACGACGGCCAGTCTTCGCTTACATACCCATGA,71.91175636601963,55
MM2_0024,forward,TTCACACAGGAAACAGCTATGACCATGATTACGCCGACTAAGACTCTGGTCACG,70.18756291477541,54
MM2_0024,reverse,TTTCCCAGTCACGACGTTGTAAAACGACGGCCAGTCTTCGCTTACATACCCATGA,71.91175636601963,55
MM2_0025,forward,TTCACACAGGAAACAGCTATGACCATGATTACGCCGACTAAGACTCTGGTCACG,70.18756291477541,54
MM2_0025,reverse,TTTCCCAGTCACGACGTTGTAAAACGACGGCCAGTCTTCGCTTACATACCCATGA,71.91175636601963,55
MM2_0026,forward,TTCACACAGGAAACAGCTATGACCATGATTACGCCGACTAAGACTCTGGTCACG,70.18756291477541,54
MM2_0026,reverse,TTTCCCAGTCACGACGTTGTAAAACGACGGCCAGTCTTCGCTTACATACCCATGA,71.91175636601963,55
MM2_0027,forward,TTCACACAGGAAACAGCTATGACCATGATTACGCCGACTAAGACTCTGGTCACG,70.18756291477541,54
MM2_0027,reverse,TTTCCCAGTCACGACGTTGTAAAACGACGGCCAGTCTTCGCTTACATACCCATGA,71.91175636601963,55
MM2_0028,forward,TTCACACAGGAAACAGCTATGACCATGATTACGCCGACTAAGACTCTGGTCACG,70.18756291477541,54
MM2_0028,reverse,TTTCCCAGTCACGACGTTGTAAAACGACGGCCAGTCTTCGCTTACATACCCATGA,71.91175636601963,55
MM2_0029,forward,TTCACACAGGAAACAGCTATGACCATGATTACGCCGACTAAGACTCTGGTCACG,70.18756291477541,54
MM2_0029,reverse,TTTCCCAGTCACGACGTTGTAAAACGACGGCCAGTCTTCGCTTACATACCCATGA,71.91175636601963,55
MM2_0030,forward,TTCACACAGGAAACAGCTATGACCATGATTACGCCGACTAAGACTCTGGTCACG,70.18756291477541,54
MM2_0030,reverse,TTTCCCAGTCACGACGTTGTAAAACGACGGCCAGTCTTCGCTTACATACCCATGA,71.91175636601963,55
MM2_0031,forward,TTCACACAGGAAACAGCTATGACCATGATTACGCCGACTAAGACTCTGGTCACG,70.18756291477541,54
MM2_0031,reverse,TTTCCCAGTCACGACGTTGTAAAACGACGGCCAGTCTTCGCTTACATACCCATGA,71.91175636601963,55
MM2_0032,forward,TTCACACAGGAAACAGCTATGACCATGATTACGCCGACTAAGACTCTGGTCACG,70.18756291477541,54
MM2_0032,reverse,TTTCCCAGTCACGACGTTGTAAAACGACGGCCAGTCTTCGCTTACATACCCATGA,71.91175636601963,55
MM2_0033,forward,TTCACACAGGAAACAGCTATGACCATGATTACGCCGACTAAGACTCTGGTCACG,70.18756291477541,54
MM2_0033,reverse,TTTCCCAGTCACGACGTTGTAAAACGACGGCCAGTCTTCGCTTACATACCCATGA,71.91175636601963,55
MM2_0034,forward,TTCACACAGGAAACAGCTATGACCATGATTACGCCGACTAAGACTCTGGTCACG,70.18756291477541,54
MM2_0034,reverse,TTTCCCAGTCACGACGTTGTAAAACGACGGCCAGTCTTCGCTTACATACCCATGA,71.91175636601963,55
MM2_0035,forward,TTCACACAGGAAACAGCTATGACCATGATTACGCCGACTAAGACTCTGGTCACG,70.18756291477541,54
MM2_0035,reverse,TTTCCCAGTCACGACGTTGTAAAACGACGGCCAGTCTTCGCTTACATACCCATGA,71.91175636601963,55
MM2_0036,forward,TTCACACAGGAAACAGCTATGACCATGATTACGCCGACTAAGACTCTGGTCACG,70.18756291477541,54
MM2_0036,reverse,TTTCCCAGTCACGACGTTGTAAAACGACGGCCAGTCTTCGCTTACATACCCATGA,71.91175636601963,55
MM2_0037,forward,TTCACACAGGAAACAGCTATGACCATGATTACGCCGACTAAGACTCTGGTCACG,70.18756291477541,54
MM2_0037,reverse,TTTCCCAGTCACGACGTTGTAAAACGACGGCCAGTCTTCGCTTACATACCCATGA,71.91175636601963,55
MM2_0038,forward,TTCACACAGGAAACAGCTATGACCATGATTACGCCGACTAAGACTCTGGTCACG,70.18756291477541,54
MM2_0038,reverse,TTTCCCAGTCACGACGTTGTAAAACGACGGCCAGTCTTCGCTTACATACCCATGA,71.91175636601963,55
MM2_0039,forward,TTCACACAGGAAACAGCTATGACCATGATTACGCCGACTAAGACTCTGGTCACG,70.18756291477541,54
MM2_0039,reverse,TTTCCCAGTCACGACGTTGTAAAACGACGGCCAGTCTTCGCTTACATACCCATGA,71.91175636601963,55
MM2_0040,forward,TTCACACAGGAAACAGCTATGACCATGATTACGCCGACTAAGACTCTGGTCACG,70.18756291477541,54
MM2_0040,reverse,TTTCCCAGTCACGACGTTGTAAAACGACGGCCAGTCTTCGCTTACATACCCATGA,71.91175636601963,55
MM2_0041,forward,TTCACACAGGAAACAGCTATGACCATGATTACGCCGACTAAGACTCTGGTCACG,70.18756291477541,54
MM2_0041,reverse,TTTCCCAGTCACGACGTTGTAAAACGACGGCCAGTCTTCGCTTACATACCCATGA,71.91175636601963,55
MM2_0042,forward,TTCACACAGGAAACAGCTATGACCATGATTACGCCGACTAAGACTCTGGTCACG,70.18756291477541,54
MM2_0042,reverse,TTTCCCAGTCACGACGTTGTAAAACGACGGCCAGTCTTCGCTTACATACCCATGA,71.91175636601963,55
MM2_0043,forward,TTCACACAGGAAACAGCTATGACCATGATTACGCCGACTAAGACTCTGGTCACG,70.18756291477541,54
MM2_0043,reverse,TTTCCCAGTCACGACGTTGTAAAACGACGGCCAGTCTTCGCTTACATACCCATGA,71.91175636601963,55
MM2_0044,forward,TTCACACAGGAAACAGCTATGACCATGATTACGCCGACTAAGACTCTGGTCACG,70.18756291477541,54
MM2_0044,reverse,TTTCCCAGTCACGACGTTGTAAAACGACGGCCAGTCTTCGCTTACATACCCATGA,71.91175636601963,55
MM2_0045,forward,TTCACACAGGAAACAGCTATGACCATGATTACGCCGACTAAGACTCTGGTCACG,70.18756291477541,54
MM2_0045,reverse,TTTCCCAGTCACGACGTTGTAAAACGACGGCCAGTCTTCGCTTACATACCCATGA,71.91175636601963,55
MM2_0046,forward,TTCACACAGGAAACAGCTATGACCATGATTACGCCGACTAAGACTCTGGTCACG,70.18756291477541,54
MM2_0046,reverse,TTTCCCAGTCACGACGTTGTAAAACGACGGCCAGTCTTCGCTTACATACCCATGA,71.91175636601963,55
MM2_0047,forward,TTCACACAGGAAACAGCTATGACCATGATTACGCCGACTAAGACTCTGGTCACG,70.18756291477541,54
MM2_0047,reverse,TTTCCCAGTCACGACGTTGTAAAACGACGGCCAGTCTTCGCTTACATACCCATGA,71.91175636601963,55
MM2_0048,forward,TTCACACAGGAAACAGCTATGACCATGATTACGCCGACTAAGACTCTGGTCACG,70.18756291477541,54
MM2_0048,reverse,TTTCCCAGTCACGACGTTGTAAAACGACGGCCAGTCTTCGCTTACATACCCATGA,71.91175636601963,55
MM2_0049,forward,TTCACACAGGAAACAGCTATGACCATGATTACGCCGACTAAGACTCTGGTCACG,70.18756291477541,54
MM2_0049,reverse,TTTCCCAGTCACGACGTTGTAAAACGACGGCCAGTCTTCGCTTACATACCCATGA,71.91175636601963,55
MM2_0050,forward,TTCACACAGGAAACAGCTATGACCATGATTACGCCGACTAAGACTCTGGTCACG,70.18756291477541,54
MM2_0050,reverse,TTTCCCAGTCACGACGTTGTAAAACGACGGCCAGTCTTCGCTTACATACCCATGA,71.91175636601963,55
MM2_0051,forward,TTCACACAGGAAACAGCTATGACCATGATTACGCCGACTAAGACTCTGGTCACG,70.18756291477541,54
MM2_0051,reverse,TTTCCCAGTCACGACGTTGTAAAACGACGGCCAGTCTTCGCTTACATACCCATGA,71.91175636601963,55
MM2_0052,forward,TTCACACAGGAAACAGCTATGACCATGATTACGCCGACTAAGACTCTGGTCACG,70.18756291477541,54
MM2_0052,reverse,TTTCCCAGTCACGACGTTGTAAAACGACGGCCAGTCTTCGCTTACATACCCATGA,71.91175636601963,55
MM2_0053,forward,TTCACACAGGAAACAGCTATGACCATGATTACGCCGACTAAGACTCTGGTCACG,70.18756291477541,54
MM2_0053,reverse,TTTCCCAGTCACGACGTTGTAAAACGACGGCCAGTCTTCGCTTACATACCCATGA,71.91175636601963,55
MM2_0054,forward,TTCACACAGGAAACAGCTATGACCATGATTACGCCGACTAAGACTCTGGTCACG,70.18756291477541,54
MM2_0054,reverse,TTTCCCAGTCACGACGTTGTAAAACGACGGCCAGTCTTCGCTTACATACCCATGA,71.91175636601963,55
MM2_0055,forward,TTCACACAGGAAACAGCTATGACCATGATTACGCCGACTAAGACTCTGGTCACG,70.18756291477541,54
MM2_0055,reverse,TTTCCCAGTCACGACGTTGTAAAACGACGGCCAGTCTTCGCTTACATACCCATGA,71.91175636601963,55
MM2_0056,forward,TTCACACAGGAAACAGCTATGACCATGATTACGCCGACTAAGACTCTGGTCACG,70.18756291477541,54
MM2_0056,reverse,TTTCCCAGTCACGACGTTGTAAAACGACGGCCAGTCTTCGCTTACATACCCATGA,71.91175636601963,55
MM2_0057,forward,TTCACACAGGAAACAGCTATGACCATGATTACGCCGACTAAGACTCTGGTCACG,70.18756291477541,54
MM2_0057,reverse,TTTCCCAGTCACGACGTTGTAAAACGACGGCCAGTCTTCGCTTACATACCCATGA,71.91175636601963,55
MM2_0058,forward,TTCACACAGGAAACAGCTATGACCATGATTACGCCGACTAAGACTCTGGTCACG,70.18756291477541,54
MM2_0058,reverse,TTTCCCAGTCACGACGTTGTAAAACGACGGCCAGTCTTCGCTTACATACCCATGA,71.91175636601963,55
MM2_0059,forward,TTCACACAGGAAACAGCTATGACCATGATTACGCCGACTAAGACTCTGGTCACG,70.18756291477541,54
MM2_0059,reverse,TTTCCCAGTCACGACGTTGTAAAACGACGGCCAGTCTTCGCTTACATACCCATGA,71.91175636601963,55
MM2_0060,forward,TTCACACAGGAAACAGCTATGACCATGATTACGCCGACTAAGACTCTGGTCACG,70.18756291477541,54
MM2_0060,reverse,TTTCCCAGTCACGACGTTGTAAAACGACGGCCAGTCTTCGCTTACATACCCATGA,71.91175636601963,55
MM2_0061,forward,TTCACACAGGAAACAGCTATGACCATGATTACGCCGACTAAGACTCTGGTCACG,70.18756291477541,54
MM2_0061,reverse,TTTCCCAGTCACGACGTTGTAAAACGACGGCCAGTCTTCGCTTACATACCCATGA,71.91175636601963,55
MM2_0062,forward,TTCACACAGGAAACAGCTATGACCATGATTACGCCGACTAAGACTCTGGTCACG,70.18756291477541,54
MM2_0062,reverse,TTTCCCAGTCACGACGTTGTAAAACGACGGCCAGTCTTCGCTTACATACCCATGA,71.91175636601963,55
MM2_0063,forward,TTCACACAGGAAACAGCTATGACCATGATTACGCCGACTAAGACTCTGGTCACG,70.18756291477541,54
MM2_0063,reverse,TTTCCCAGTCACGACGTTGTAAAACGACGGCCAGTCTTCGCTTACATACCCATGA,71.91175636601963,55
MM2_0064,forward,TTCACACAGGAAACAGCTATGACCATGATTACGCCGACTAAGACTCTGGTCACG,70.18756291477541,54
MM2_0064,reverse,TTTCCCAGTCACGACGTTGTAAAACGACGGCCAGTCTTCGCTTACATACCCATGA,71.91175636601963,55
MM2_0065,forward,TTCACACAGGAAACAGCTATGACCATGATTACGCCGACTAAGACTCTGGTCACG,70.18756291477541,54
MM2_0065,reverse,TTTCCCAGTCACGACGTTGTAAAACGACGGCCAGTCTTCGCTTACATACCCATGA,71.91175636601963,55
MM2_0066,forward,TTCACACAGGAAACAGCTATGACCATGATTACGCCGACTAAGACTCTGGTCACG,70.18756291477541,54
MM2_0066,reverse,TTTCCCAGTCACGACGTTGTAAAACGACGGCCAGTCTTCGCTTACATACCCATGA,71.91175636601963,55
MM2_0067,forward,TTCACACAGGAAACAGCTATGACCATGATTACGCCGACTAAGACTCTGGTCACG,70.18756291477541,54
MM2_0067,reverse,TTTCCCAGTCACGACGTTGTAAAACGACGGCCAGTCTTCGCTTACATACCCATGA,71.91175636601963,55
MM2_0068,forward,TTCACACAGGAAACAGCTATGACCATGATTACGCCGACTAAGACTCTGGTCACG,70.18756291477541,54
MM2_0068,reverse,TTTCCCAGTCACGACGTTGTAAAACGACGGCCAGTCTTCGCTTACATACCCATGA,71.91175636601963,55
MM2_0069,forward,TTCACACAGGAAACAGCTATGACCATGATTACGCCGACTAAGACTCTGGTCACG,70.18756291477541,54
MM2_0069,reverse,TTTCCCAGTCACGACGTTGTAAAACGACGGCCAGTCTTCGCTTACATACCCATGA,71.91175636601963,55
MM2_0070,forward,TTCACACAGGAAACAGCTATGACCATGATTACGCCGACTAAGACTCTGGTCACG,70.18756291477541,54
MM2_0070,reverse,TTTCCCAGTCACGACGTTGTAAAACGACGGCCAGTCTTCGCTTACATACCCATGA,71.91175636601963,55
MM2_0071,forward,TTCACACAGGAAACAGCTATGACCATGATTACGCCGACTAAGACTCTGGTCACG,70.18756291477541,54
MM2_0071,reverse,TTTCCCAGTCACGACGTTGTAAAACGACGGCCAGTCTTCGCTTACATACCCATGA,71.91175636601963,55
MM2_0072,forward,TTCACACAGGAAACAGCTATGACCATGATTACGCCGACTAAGACTCTGGTCACG,70.18756291477541,54
MM2_0072,reverse,TTTCCCAGTCACGACGTTGTAAAACGACGGCCAGTCTTCGCTTACATACCCATGA,71.91175636601963,55
MM2_0073,forward,TTCACACAGGAAACAGCTATGACCATGATTACGCCGACTAAGACTCTGGTCACG,70.18756291477541,54
MM2_0073,reverse,TTTCCCAGTCACGACGTTGTAAAACGACGGCCAGTCTTCGCTTACATACCCATGA,71.91175636601963,55
MM2_0074,forward,TTCACACAGGAAACAGCTATGACCATGATTACGCCGACTAAGACTCTGGTCACG,70.18756291477541,54
MM2_0074,reverse,TTTCCCAGTCACGACGTTGTAAAACGACGGCCAGTCTTCGCTTACATACCCATGA,71.91175636601963,55
MM2_0075,forward,TTCACACAGGAAACAGCTATGACCATGATTACGCCGACTAAGACTCTGGTCACG,70.18756291477541,54
MM2_0075,reverse,TTTCCCAGTCACGACGTTGTAAAACGACGGCCAGTCTTCGCTTACATACCCATGA,71.91175636601963,55
MM2_0076,forward,TTCACACAGGAAACAGCTATGACCATGATTACGCCGACTAAGACTCTGGTCACG,70.18756291477541,54
MM2_0076,reverse,TTTCCCAGTCACGACGTTGTAAAACGACGGCCAGTCTTCGCTTACATACCCATGA,71.91175636601963,55
MM2_0077,forward,TTCACACAGGAAACAGCTATGACCATGATTACGCCGACTAAGACTCTGGTCACG,70.18756291477541,54
MM2_0077,reverse,TTTCCCAGTCACGACGTTGTAAAACGACGGCCAGTCTTCGCTTACATACCCATGA,71.91175636601963,55
MM2_0078,forward,TTCACACAGGAAACAGCTATGACCATGATTACGCCGACTAAGACTCTGGTCACG,70.18756291477541,54
MM2_0078,reverse,TTTCCCAGTCACGACGTTGTAAAACGACGGCCAGTCTTCGCTTACATACCCATGA,71.91175636601963,55
MM2_0079,forward,TTCACACAGGAAACAGCTATGACCATGATTACGCCGACTAAGACTCTGGTCACG,70.18756291477541,54
MM2_0079,reverse,TTTCCCAGTCACGACGTTGTAAAACGACGGCCAGTCTTCGCTTACATACCCATGA,71.91175636601963,55
MM2_0080,forward,TTCACACAGGAAACAGCTATGACCATGATTACGCCGACTAAGACTCTGGTCACG,70.18756291477541,54
MM2_0080,reverse,TTTCCCAGTCACGACGTTGTAAAACGACGGCCAGTCTTCGCTTACATACCCATGA,71.91175636601963,55
